{"n_estimators": 400, "learning_rate": 0.0332530293643473, "max_depth": 8, "min_child_weight": 1, "subsample": 0.9683292484556811, "colsample_bytree": 0.6740166745761794, "reg_alpha": 0.41270556463560176, "reg_lambda": 0.2921992917197971}